ApplicationKey,ModelKey,EnvironmentKey,VirtualKey,TeamKey,CandidateKey,RowCount
3.1934721377068744e+18,1.4252200514331027e+19,1.667951434650495e+19,9.197396520324871e+18,1.185040210745942e+18,12544075227703922688,1
1.2313904705378066e+19,3.5919407474125486e+18,1.667951434650495e+19,9.197396520324871e+18,1.180474217364753e+19,841705572777790592,1
4.422107264119351e+18,3.5919407474125486e+18,1.667951434650495e+19,9.197396520324871e+18,1.180474217364753e+19,841705572777790592,1
4.422107264119351e+18,3.5919407474125486e+18,1.667951434650495e+19,9.197396520324871e+18,1.180474217364753e+19,841705572777790592,1
4.422107264119351e+18,3.5919407474125486e+18,1.667951434650495e+19,9.197396520324871e+18,1.180474217364753e+19,841705572777790592,1
4.422107264119351e+18,3.5919407474125486e+18,1.667951434650495e+19,9.197396520324871e+18,1.180474217364753e+19,841705572777790592,1
4.422107264119351e+18,3.5919407474125486e+18,1.667951434650495e+19,9.197396520324871e+18,1.180474217364753e+19,841705572777790592,1
4.422107264119351e+18,3.5919407474125486e+18,1.667951434650495e+19,9.197396520324871e+18,1.180474217364753e+19,841705572777790592,1
4.422107264119351e+18,3.5919407474125486e+18,1.667951434650495e+19,9.197396520324871e+18,1.180474217364753e+19,841705572777790592,1
4.422107264119351e+18,3.5919407474125486e+18,1.667951434650495e+19,9.197396520324871e+18,1.180474217364753e+19,841705572777790592,1
4.422107264119351e+18,3.5919407474125486e+18,1.667951434650495e+19,9.197396520324871e+18,1.180474217364753e+19,841705572777790592,1
4.422107264119351e+18,3.5919407474125486e+18,1.667951434650495e+19,9.197396520324871e+18,1.180474217364753e+19,841705572777790592,1
4.422107264119351e+18,3.5919407474125486e+18,1.667951434650495e+19,9.197396520324871e+18,1.180474217364753e+19,841705572777790592,1
4.422107264119351e+18,3.5919407474125486e+18,1.667951434650495e+19,9.197396520324871e+18,1.180474217364753e+19,841705572777790592,1
4.422107264119351e+18,3.5919407474125486e+18,1.667951434650495e+19,9.197396520324871e+18,1.180474217364753e+19,841705572777790592,1
4.422107264119351e+18,3.5919407474125486e+18,1.667951434650495e+19,9.197396520324871e+18,1.180474217364753e+19,841705572777790592,1
4.422107264119351e+18,3.5919407474125486e+18,1.667951434650495e+19,9.197396520324871e+18,1.180474217364753e+19,841705572777790592,1
4.422107264119351e+18,3.5919407474125486e+18,1.667951434650495e+19,9.197396520324871e+18,1.180474217364753e+19,841705572777790592,1
4.422107264119351e+18,3.5919407474125486e+18,1.667951434650495e+19,9.197396520324871e+18,1.180474217364753e+19,841705572777790592,1
4.422107264119351e+18,3.5919407474125486e+18,1.667951434650495e+19,9.197396520324871e+18,1.180474217364753e+19,841705572777790592,1
1.3662277598089075e+19,3.5919407474125486e+18,1.667951434650495e+19,9.197396520324871e+18,0.0,841705572777790592,1
3.1934721377068744e+18,3.5919407474125486e+18,1.667951434650495e+19,9.197396520324871e+18,1.185040210745942e+18,841705572777790592,1
4.422107264119351e+18,3.5919407474125486e+18,1.667951434650495e+19,9.197396520324871e+18,1.180474217364753e+19,841705572777790592,1
4.422107264119351e+18,3.5919407474125486e+18,1.667951434650495e+19,9.197396520324871e+18,1.180474217364753e+19,841705572777790592,1
4.422107264119351e+18,3.5919407474125486e+18,1.667951434650495e+19,9.197396520324871e+18,1.180474217364753e+19,841705572777790592,1
4.422107264119351e+18,3.5919407474125486e+18,1.667951434650495e+19,9.197396520324871e+18,1.180474217364753e+19,841705572777790592,1
4.422107264119351e+18,3.5919407474125486e+18,1.667951434650495e+19,9.197396520324871e+18,1.180474217364753e+19,841705572777790592,1
4.422107264119351e+18,3.5919407474125486e+18,1.667951434650495e+19,9.197396520324871e+18,1.180474217364753e+19,841705572777790592,1
4.422107264119351e+18,3.5919407474125486e+18,1.667951434650495e+19,9.197396520324871e+18,1.180474217364753e+19,841705572777790592,1
4.422107264119351e+18,3.5919407474125486e+18,1.667951434650495e+19,9.197396520324871e+18,1.180474217364753e+19,841705572777790592,1
4.422107264119351e+18,3.5919407474125486e+18,1.667951434650495e+19,9.197396520324871e+18,1.180474217364753e+19,841705572777790592,1
6.894500110228243e+18,8.623804074354514e+18,1.667951434650495e+19,9.197396520324871e+18,7.708051643931653e+17,12544075227703922688,1
6.894500110228243e+18,8.623804074354514e+18,1.667951434650495e+19,9.197396520324871e+18,7.708051643931653e+17,12544075227703922688,1
4.847446773019625e+18,8.623804074354514e+18,1.667951434650495e+19,9.197396520324871e+18,1.185040210745942e+18,12544075227703922688,1
4.847446773019625e+18,8.623804074354514e+18,1.667951434650495e+19,9.197396520324871e+18,1.185040210745942e+18,12544075227703922688,1
7.036973661933814e+18,8.623804074354514e+18,1.667951434650495e+19,9.197396520324871e+18,1.0087421062128142e+19,12544075227703922688,1
4.847446773019625e+18,8.623804074354514e+18,1.667951434650495e+19,9.197396520324871e+18,1.185040210745942e+18,12544075227703922688,1
4.847446773019625e+18,8.623804074354514e+18,1.667951434650495e+19,9.197396520324871e+18,1.185040210745942e+18,12544075227703922688,1
4.847446773019625e+18,3.974028441303413e+18,1.667951434650495e+19,9.197396520324871e+18,1.185040210745942e+18,12544075227703922688,1
4.847446773019625e+18,3.974028441303413e+18,1.667951434650495e+19,9.197396520324871e+18,1.185040210745942e+18,12544075227703922688,1
4.847446773019625e+18,3.974028441303413e+18,1.667951434650495e+19,9.197396520324871e+18,1.185040210745942e+18,12544075227703922688,1
4.847446773019625e+18,3.974028441303413e+18,1.667951434650495e+19,9.197396520324871e+18,1.185040210745942e+18,12544075227703922688,1
1.162600097680835e+19,3.974028441303413e+18,1.667951434650495e+19,9.197396520324871e+18,7.708051643931653e+17,12544075227703922688,1
7.036973661933814e+18,3.974028441303413e+18,1.667951434650495e+19,9.197396520324871e+18,1.0087421062128142e+19,12544075227703922688,1
7.036973661933814e+18,3.974028441303413e+18,1.667951434650495e+19,9.197396520324871e+18,1.0087421062128142e+19,12544075227703922688,1
7.036973661933814e+18,3.974028441303413e+18,1.667951434650495e+19,9.197396520324871e+18,1.0087421062128142e+19,12544075227703922688,1
7.036973661933814e+18,3.974028441303413e+18,1.667951434650495e+19,9.197396520324871e+18,1.0087421062128142e+19,12544075227703922688,1
7.036973661933814e+18,3.974028441303413e+18,1.667951434650495e+19,9.197396520324871e+18,1.0087421062128142e+19,12544075227703922688,1
7.036973661933814e+18,3.974028441303413e+18,1.667951434650495e+19,9.197396520324871e+18,1.0087421062128142e+19,12544075227703922688,1
7.036973661933814e+18,3.974028441303413e+18,1.667951434650495e+19,9.197396520324871e+18,1.0087421062128142e+19,12544075227703922688,1
1.7004773942686763e+19,7.397697892821142e+18,1.667951434650495e+19,9.197396520324871e+18,1.180474217364753e+19,841705572777790592,1
1.7004773942686763e+19,7.397697892821142e+18,1.667951434650495e+19,9.197396520324871e+18,1.180474217364753e+19,841705572777790592,1
1.7004773942686763e+19,7.397697892821142e+18,1.667951434650495e+19,9.197396520324871e+18,1.180474217364753e+19,841705572777790592,1
1.7004773942686763e+19,7.397697892821142e+18,1.667951434650495e+19,9.197396520324871e+18,1.180474217364753e+19,841705572777790592,1
1.7004773942686763e+19,7.397697892821142e+18,1.667951434650495e+19,9.197396520324871e+18,1.180474217364753e+19,841705572777790592,1
1.7004773942686763e+19,7.397697892821142e+18,1.667951434650495e+19,9.197396520324871e+18,1.180474217364753e+19,841705572777790592,1
1.7004773942686763e+19,7.397697892821142e+18,1.667951434650495e+19,9.197396520324871e+18,1.180474217364753e+19,841705572777790592,1
1.7004773942686763e+19,7.397697892821142e+18,1.667951434650495e+19,9.197396520324871e+18,1.180474217364753e+19,841705572777790592,1
4.422107264119351e+18,4.453068473741222e+18,1.667951434650495e+19,9.197396520324871e+18,1.180474217364753e+19,841705572777790592,1
1.9387955113610217e+18,4.453068473741222e+18,1.667951434650495e+19,9.197396520324871e+18,1.4465995404274522e+19,841705572777790592,1
4.847446773019625e+18,4.453068473741222e+18,1.667951434650495e+19,9.197396520324871e+18,1.185040210745942e+18,841705572777790592,1
3.1934721377068744e+18,4.453068473741222e+18,1.667951434650495e+19,9.197396520324871e+18,1.185040210745942e+18,841705572777790592,1
3.1934721377068744e+18,4.453068473741222e+18,1.667951434650495e+19,9.197396520324871e+18,1.185040210745942e+18,841705572777790592,1
3.1934721377068744e+18,4.453068473741222e+18,1.667951434650495e+19,9.197396520324871e+18,1.185040210745942e+18,841705572777790592,1
1.7004773942686763e+19,8.623804074354514e+18,1.2030484768514497e+19,9.197396520324871e+18,1.180474217364753e+19,12544075227703922688,1
1.7004773942686763e+19,9.524580141393482e+18,1.2030484768514497e+19,9.197396520324871e+18,1.180474217364753e+19,12544075227703922688,1
6.894500110228243e+18,1.4252200514331027e+19,1.2030484768514497e+19,9.197396520324871e+18,7.708051643931653e+17,12544075227703922688,1
6.894500110228243e+18,1.4252200514331027e+19,1.2030484768514497e+19,9.197396520324871e+18,7.708051643931653e+17,12544075227703922688,1
6.894500110228243e+18,3.974028441303413e+18,1.2030484768514497e+19,9.197396520324871e+18,7.708051643931653e+17,12544075227703922688,1
1.9387955113610217e+18,4.453068473741222e+18,1.2030484768514497e+19,9.197396520324871e+18,1.4465995404274522e+19,841705572777790592,1
1.9387955113610217e+18,4.453068473741222e+18,1.2030484768514497e+19,9.197396520324871e+18,1.4465995404274522e+19,841705572777790592,1
1.9387955113610217e+18,4.453068473741222e+18,1.2030484768514497e+19,9.197396520324871e+18,1.4465995404274522e+19,841705572777790592,1
4.847446773019625e+18,8.623804074354514e+18,1.2030484768514497e+19,9.197396520324871e+18,1.185040210745942e+18,12544075227703922688,1
4.847446773019625e+18,8.623804074354514e+18,1.2030484768514497e+19,9.197396520324871e+18,1.185040210745942e+18,12544075227703922688,1
4.847446773019625e+18,1.4252200514331027e+19,1.2030484768514497e+19,9.197396520324871e+18,1.185040210745942e+18,12544075227703922688,1
4.847446773019625e+18,8.623804074354514e+18,1.2030484768514497e+19,9.197396520324871e+18,1.185040210745942e+18,12544075227703922688,1
4.847446773019625e+18,4.453068473741222e+18,1.2030484768514497e+19,9.197396520324871e+18,1.185040210745942e+18,841705572777790592,1
4.847446773019625e+18,4.453068473741222e+18,1.2030484768514497e+19,9.197396520324871e+18,1.185040210745942e+18,841705572777790592,1
3.1934721377068744e+18,8.623804074354514e+18,1.2030484768514497e+19,9.197396520324871e+18,1.185040210745942e+18,12544075227703922688,1
3.1934721377068744e+18,8.623804074354514e+18,1.2030484768514497e+19,9.197396520324871e+18,1.185040210745942e+18,12544075227703922688,1
3.1934721377068744e+18,8.623804074354514e+18,1.2030484768514497e+19,9.197396520324871e+18,1.185040210745942e+18,12544075227703922688,1
3.1934721377068744e+18,8.623804074354514e+18,1.2030484768514497e+19,9.197396520324871e+18,1.185040210745942e+18,12544075227703922688,1
3.1934721377068744e+18,8.623804074354514e+18,1.2030484768514497e+19,9.197396520324871e+18,1.185040210745942e+18,12544075227703922688,1
3.1934721377068744e+18,8.623804074354514e+18,1.2030484768514497e+19,9.197396520324871e+18,1.185040210745942e+18,12544075227703922688,1
3.1934721377068744e+18,8.623804074354514e+18,1.2030484768514497e+19,9.197396520324871e+18,1.185040210745942e+18,12544075227703922688,1
3.1934721377068744e+18,1.4252200514331027e+19,1.2030484768514497e+19,9.197396520324871e+18,1.185040210745942e+18,12544075227703922688,1
3.1934721377068744e+18,1.4252200514331027e+19,1.2030484768514497e+19,9.197396520324871e+18,1.185040210745942e+18,12544075227703922688,1
3.1934721377068744e+18,1.4252200514331027e+19,1.2030484768514497e+19,9.197396520324871e+18,1.185040210745942e+18,12544075227703922688,1
4.422107264119351e+18,3.5919407474125486e+18,1.2030484768514497e+19,9.197396520324871e+18,1.180474217364753e+19,841705572777790592,1
4.422107264119351e+18,3.5919407474125486e+18,1.2030484768514497e+19,9.197396520324871e+18,1.180474217364753e+19,841705572777790592,1
4.422107264119351e+18,3.5919407474125486e+18,1.2030484768514497e+19,9.197396520324871e+18,1.180474217364753e+19,841705572777790592,1
4.422107264119351e+18,3.5919407474125486e+18,1.2030484768514497e+19,9.197396520324871e+18,1.180474217364753e+19,841705572777790592,1
4.422107264119351e+18,3.5919407474125486e+18,1.2030484768514497e+19,9.197396520324871e+18,1.180474217364753e+19,841705572777790592,1
4.422107264119351e+18,3.5919407474125486e+18,1.2030484768514497e+19,9.197396520324871e+18,1.180474217364753e+19,841705572777790592,1
1.8071709530452963e+19,9.524580141393482e+18,1.2030484768514497e+19,9.197396520324871e+18,7.432239658841088e+17,12544075227703922688,1
4.847446773019625e+18,3.974028441303413e+18,1.2030484768514497e+19,9.197396520324871e+18,1.185040210745942e+18,12544075227703922688,1
4.847446773019625e+18,7.397697892821142e+18,1.5562804468507034e+19,9.197396520324871e+18,1.185040210745942e+18,4320723658245943296,1
4.847446773019625e+18,7.397697892821142e+18,1.5562804468507034e+19,9.197396520324871e+18,1.185040210745942e+18,4320723658245943296,1
4.847446773019625e+18,8.623804074354514e+18,1.5562804468507034e+19,9.197396520324871e+18,1.185040210745942e+18,13532767226202687488,1
1.7004773942686763e+19,8.623804074354514e+18,8.670049507201332e+18,9.197396520324871e+18,1.180474217364753e+19,13532767226202687488,1
1.7004773942686763e+19,8.623804074354514e+18,8.670049507201332e+18,9.197396520324871e+18,1.180474217364753e+19,13532767226202687488,1
1.7004773942686763e+19,8.623804074354514e+18,8.670049507201332e+18,9.197396520324871e+18,1.180474217364753e+19,13532767226202687488,1
1.2313904705378066e+19,7.397697892821142e+18,8.670049507201332e+18,9.197396520324871e+18,1.180474217364753e+19,4320723658245943296,1
1.2313904705378066e+19,7.397697892821142e+18,8.670049507201332e+18,9.197396520324871e+18,1.180474217364753e+19,4320723658245943296,1
1.7004773942686763e+19,7.397697892821142e+18,8.670049507201332e+18,9.197396520324871e+18,1.180474217364753e+19,4320723658245943296,1
1.7004773942686763e+19,7.397697892821142e+18,8.670049507201332e+18,9.197396520324871e+18,1.180474217364753e+19,4320723658245943296,1
1.7004773942686763e+19,7.397697892821142e+18,8.670049507201332e+18,9.197396520324871e+18,1.180474217364753e+19,4320723658245943296,1
1.7004773942686763e+19,7.397697892821142e+18,8.670049507201332e+18,9.197396520324871e+18,1.180474217364753e+19,4320723658245943296,1
1.7004773942686763e+19,7.397697892821142e+18,8.670049507201332e+18,9.197396520324871e+18,1.180474217364753e+19,4320723658245943296,1
1.7004773942686763e+19,7.397697892821142e+18,8.670049507201332e+18,9.197396520324871e+18,1.180474217364753e+19,4320723658245943296,1
1.7004773942686763e+19,7.397697892821142e+18,8.670049507201332e+18,9.197396520324871e+18,1.180474217364753e+19,4320723658245943296,1
1.7004773942686763e+19,7.397697892821142e+18,8.670049507201332e+18,9.197396520324871e+18,1.180474217364753e+19,4320723658245943296,1
1.180474217364753e+19,1.6168001117923497e+18,7.180326990295496e+18,9.197396520324871e+18,0.0,13532767226202687488,1
1.180474217364753e+19,1.6168001117923497e+18,7.180326990295496e+18,9.197396520324871e+18,0.0,13532767226202687488,1
1.162600097680835e+19,3.974028441303413e+18,1.5484688019640574e+19,9.197396520324871e+18,7.708051643931653e+17,13532767226202687488,1
1.9387955113610217e+18,4.453068473741222e+18,1.5484688019640574e+19,9.197396520324871e+18,1.4465995404274522e+19,4320723658245943296,1
1.9387955113610217e+18,4.453068473741222e+18,1.5484688019640574e+19,9.197396520324871e+18,1.4465995404274522e+19,4320723658245943296,1
1.9387955113610217e+18,4.453068473741222e+18,1.5484688019640574e+19,9.197396520324871e+18,1.4465995404274522e+19,4320723658245943296,1
1.9387955113610217e+18,4.453068473741222e+18,1.5484688019640574e+19,9.197396520324871e+18,1.4465995404274522e+19,4320723658245943296,1
1.9387955113610217e+18,4.453068473741222e+18,1.5484688019640574e+19,9.197396520324871e+18,1.4465995404274522e+19,4320723658245943296,1
1.9387955113610217e+18,4.453068473741222e+18,1.5484688019640574e+19,9.197396520324871e+18,1.4465995404274522e+19,4320723658245943296,1
1.9387955113610217e+18,4.453068473741222e+18,1.5484688019640574e+19,9.197396520324871e+18,1.4465995404274522e+19,4320723658245943296,1
1.9387955113610217e+18,4.453068473741222e+18,1.5484688019640574e+19,9.197396520324871e+18,1.4465995404274522e+19,4320723658245943296,1
1.9387955113610217e+18,3.974028441303413e+18,1.5484688019640574e+19,9.197396520324871e+18,1.4465995404274522e+19,13532767226202687488,1
8.564547254283368e+18,8.132360077388166e+17,1.5484688019640574e+19,9.197396520324871e+18,0.0,13532767226202687488,1
1.8071709530452963e+19,3.974028441303413e+18,1.5484688019640574e+19,9.197396520324871e+18,7.432239658841088e+17,13532767226202687488,1
1.162600097680835e+19,3.974028441303413e+18,1.5484688019640574e+19,9.197396520324871e+18,7.708051643931653e+17,13532767226202687488,1
4.4126583135678336e+18,7.397697892821142e+18,1.5484688019640574e+19,9.197396520324871e+18,1.180474217364753e+19,4320723658245943296,1
4.847446773019625e+18,3.974028441303413e+18,1.5484688019640574e+19,9.197396520324871e+18,1.185040210745942e+18,13532767226202687488,1
1.9387955113610217e+18,3.974028441303413e+18,1.5484688019640574e+19,9.197396520324871e+18,1.4465995404274522e+19,13532767226202687488,1
4.847446773019625e+18,7.397697892821142e+18,1.5484688019640574e+19,9.197396520324871e+18,1.185040210745942e+18,4320723658245943296,1
4.847446773019625e+18,7.397697892821142e+18,1.5484688019640574e+19,9.197396520324871e+18,1.185040210745942e+18,4320723658245943296,1
1.162600097680835e+19,3.974028441303413e+18,1.5484688019640574e+19,9.197396520324871e+18,7.708051643931653e+17,13532767226202687488,1
4.4126583135678336e+18,7.397697892821142e+18,1.5484688019640574e+19,9.197396520324871e+18,1.180474217364753e+19,4320723658245943296,1
4.847446773019625e+18,3.974028441303413e+18,1.5484688019640574e+19,9.197396520324871e+18,1.185040210745942e+18,13532767226202687488,1
1.7004773942686763e+19,8.132360077388166e+17,1.5484688019640574e+19,9.197396520324871e+18,1.180474217364753e+19,13532767226202687488,1
1.162600097680835e+19,1.4252200514331027e+19,1.5484688019640574e+19,9.197396520324871e+18,7.708051643931653e+17,13532767226202687488,1
1.162600097680835e+19,1.4252200514331027e+19,1.5484688019640574e+19,9.197396520324871e+18,7.708051643931653e+17,13532767226202687488,1
1.162600097680835e+19,1.4252200514331027e+19,1.5484688019640574e+19,9.197396520324871e+18,7.708051643931653e+17,13532767226202687488,1
1.162600097680835e+19,1.4252200514331027e+19,1.5484688019640574e+19,9.197396520324871e+18,7.708051643931653e+17,13532767226202687488,1
4.847446773019625e+18,8.623804074354514e+18,1.5484688019640574e+19,9.197396520324871e+18,1.185040210745942e+18,13532767226202687488,1
4.847446773019625e+18,1.4252200514331027e+19,1.5484688019640574e+19,9.197396520324871e+18,1.185040210745942e+18,13532767226202687488,1
4.847446773019625e+18,1.4252200514331027e+19,1.5484688019640574e+19,9.197396520324871e+18,1.185040210745942e+18,13532767226202687488,1
4.847446773019625e+18,3.974028441303413e+18,1.5484688019640574e+19,9.197396520324871e+18,1.185040210745942e+18,13532767226202687488,1
3.1934721377068744e+18,1.4252200514331027e+19,1.5484688019640574e+19,9.197396520324871e+18,1.185040210745942e+18,13532767226202687488,1
3.1934721377068744e+18,1.4252200514331027e+19,1.5484688019640574e+19,9.197396520324871e+18,1.185040210745942e+18,13532767226202687488,1
3.1934721377068744e+18,1.4252200514331027e+19,1.5484688019640574e+19,9.197396520324871e+18,1.185040210745942e+18,13532767226202687488,1
3.1934721377068744e+18,1.4252200514331027e+19,1.5484688019640574e+19,9.197396520324871e+18,1.185040210745942e+18,13532767226202687488,1
3.1934721377068744e+18,3.5919407474125486e+18,1.5484688019640574e+19,9.197396520324871e+18,1.185040210745942e+18,4320723658245943296,1
3.1934721377068744e+18,3.5919407474125486e+18,1.5484688019640574e+19,9.197396520324871e+18,1.185040210745942e+18,4320723658245943296,1
1.3662277598089075e+19,1.648667494076687e+19,1.5484688019640574e+19,9.197396520324871e+18,0.0,13532767226202687488,1
8.564547254283368e+18,7.397697892821142e+18,1.5484688019640574e+19,9.197396520324871e+18,0.0,4320723658245943296,1
4.847446773019625e+18,4.453068473741222e+18,1.5484688019640574e+19,9.197396520324871e+18,1.185040210745942e+18,4320723658245943296,1
4.847446773019625e+18,4.453068473741222e+18,1.5484688019640574e+19,9.197396520324871e+18,1.185040210745942e+18,4320723658245943296,1
1.3574369899776506e+19,1.4252200514331027e+19,1.5484688019640574e+19,9.197396520324871e+18,0.0,13532767226202687488,1
1.7004773942686763e+19,8.623804074354514e+18,1.5484688019640574e+19,9.197396520324871e+18,1.180474217364753e+19,13532767226202687488,1
6.894500110228243e+18,1.4252200514331027e+19,1.5484688019640574e+19,9.197396520324871e+18,7.708051643931653e+17,13532767226202687488,1
6.894500110228243e+18,1.4252200514331027e+19,1.5484688019640574e+19,9.197396520324871e+18,7.708051643931653e+17,13532767226202687488,1
6.894500110228243e+18,1.4252200514331027e+19,1.5484688019640574e+19,9.197396520324871e+18,7.708051643931653e+17,13532767226202687488,1
1.162600097680835e+19,1.4252200514331027e+19,1.5484688019640574e+19,9.197396520324871e+18,7.708051643931653e+17,13532767226202687488,1
1.162600097680835e+19,1.4252200514331027e+19,1.5484688019640574e+19,9.197396520324871e+18,7.708051643931653e+17,13532767226202687488,1
1.162600097680835e+19,1.4252200514331027e+19,1.5484688019640574e+19,9.197396520324871e+18,7.708051643931653e+17,13532767226202687488,1
1.162600097680835e+19,1.4252200514331027e+19,1.5484688019640574e+19,9.197396520324871e+18,7.708051643931653e+17,13532767226202687488,1
1.162600097680835e+19,1.4252200514331027e+19,1.5484688019640574e+19,9.197396520324871e+18,7.708051643931653e+17,13532767226202687488,1
4.847446773019625e+18,8.623804074354514e+18,1.5484688019640574e+19,9.197396520324871e+18,1.185040210745942e+18,13532767226202687488,1
4.847446773019625e+18,1.4252200514331027e+19,1.5484688019640574e+19,9.197396520324871e+18,1.185040210745942e+18,13532767226202687488,1
4.847446773019625e+18,1.4252200514331027e+19,1.5484688019640574e+19,9.197396520324871e+18,1.185040210745942e+18,13532767226202687488,1
4.847446773019625e+18,3.974028441303413e+18,1.5484688019640574e+19,9.197396520324871e+18,1.185040210745942e+18,13532767226202687488,1
3.1934721377068744e+18,1.4252200514331027e+19,1.5484688019640574e+19,9.197396520324871e+18,1.185040210745942e+18,13532767226202687488,1
3.1934721377068744e+18,3.5919407474125486e+18,1.5484688019640574e+19,9.197396520324871e+18,1.185040210745942e+18,4320723658245943296,1
3.1934721377068744e+18,3.5919407474125486e+18,1.5484688019640574e+19,9.197396520324871e+18,1.185040210745942e+18,4320723658245943296,1
4.847446773019625e+18,4.453068473741222e+18,1.5484688019640574e+19,9.197396520324871e+18,1.185040210745942e+18,4320723658245943296,1
4.847446773019625e+18,4.453068473741222e+18,1.5484688019640574e+19,9.197396520324871e+18,1.185040210745942e+18,4320723658245943296,1
1.7004773942686763e+19,8.623804074354514e+18,1.5484688019640574e+19,9.197396520324871e+18,1.180474217364753e+19,13532767226202687488,1
6.894500110228243e+18,1.4252200514331027e+19,1.5484688019640574e+19,9.197396520324871e+18,7.708051643931653e+17,13532767226202687488,1
1.162600097680835e+19,1.4252200514331027e+19,1.5484688019640574e+19,9.197396520324871e+18,7.708051643931653e+17,13532767226202687488,1
1.162600097680835e+19,1.4252200514331027e+19,1.5484688019640574e+19,9.197396520324871e+18,7.708051643931653e+17,13532767226202687488,1
7.036973661933814e+18,8.623804074354514e+18,1.5484688019640574e+19,9.197396520324871e+18,1.0087421062128142e+19,13532767226202687488,1
4.847446773019625e+18,1.4252200514331027e+19,1.5484688019640574e+19,9.197396520324871e+18,1.185040210745942e+18,13532767226202687488,1
4.847446773019625e+18,1.4252200514331027e+19,1.5484688019640574e+19,9.197396520324871e+18,1.185040210745942e+18,13532767226202687488,1
4.847446773019625e+18,8.623804074354514e+18,1.5484688019640574e+19,9.197396520324871e+18,1.185040210745942e+18,13532767226202687488,1
4.847446773019625e+18,8.132360077388166e+17,1.5484688019640574e+19,9.197396520324871e+18,1.185040210745942e+18,13532767226202687488,1
4.847446773019625e+18,8.623804074354514e+18,1.5484688019640574e+19,9.197396520324871e+18,1.185040210745942e+18,13532767226202687488,1
4.847446773019625e+18,3.974028441303413e+18,1.5484688019640574e+19,9.197396520324871e+18,1.185040210745942e+18,13532767226202687488,1
3.1934721377068744e+18,1.4252200514331027e+19,1.5484688019640574e+19,9.197396520324871e+18,1.185040210745942e+18,13532767226202687488,1
3.1934721377068744e+18,1.4252200514331027e+19,1.5484688019640574e+19,9.197396520324871e+18,1.185040210745942e+18,13532767226202687488,1
3.1934721377068744e+18,1.4252200514331027e+19,1.5484688019640574e+19,9.197396520324871e+18,1.185040210745942e+18,13532767226202687488,1
3.1934721377068744e+18,3.5919407474125486e+18,1.5484688019640574e+19,9.197396520324871e+18,1.185040210745942e+18,4320723658245943296,1
3.1934721377068744e+18,3.5919407474125486e+18,1.5484688019640574e+19,9.197396520324871e+18,1.185040210745942e+18,4320723658245943296,1
1.3662277598089075e+19,1.4803964003289782e+19,1.5484688019640574e+19,1.1966165409572012e+19,0.0,4320723658245943296,1
1.3662277598089075e+19,1.4803964003289782e+19,1.5484688019640574e+19,1.1966165409572012e+19,0.0,4320723658245943296,1
1.3662277598089075e+19,3.974028441303413e+18,1.5484688019640574e+19,9.197396520324871e+18,0.0,13532767226202687488,1
1.3662277598089075e+19,1.4803964003289782e+19,1.5484688019640574e+19,1.1966165409572012e+19,0.0,4320723658245943296,1
3.1934721377068744e+18,4.453068473741222e+18,1.5484688019640574e+19,9.197396520324871e+18,1.185040210745942e+18,4320723658245943296,1
3.1934721377068744e+18,4.453068473741222e+18,1.5484688019640574e+19,9.197396520324871e+18,1.185040210745942e+18,4320723658245943296,1
1.2313904705378066e+19,7.397697892821142e+18,1.5484688019640574e+19,9.197396520324871e+18,1.180474217364753e+19,4320723658245943296,1
1.7004773942686763e+19,7.397697892821142e+18,1.5484688019640574e+19,9.197396520324871e+18,1.180474217364753e+19,4320723658245943296,1
1.7004773942686763e+19,7.397697892821142e+18,1.5484688019640574e+19,9.197396520324871e+18,1.180474217364753e+19,4320723658245943296,1
1.7004773942686763e+19,7.397697892821142e+18,1.5484688019640574e+19,9.197396520324871e+18,1.180474217364753e+19,4320723658245943296,1
1.7004773942686763e+19,7.397697892821142e+18,1.5484688019640574e+19,9.197396520324871e+18,1.180474217364753e+19,4320723658245943296,1
4.4126583135678336e+18,1.4252200514331027e+19,1.5484688019640574e+19,9.197396520324871e+18,1.180474217364753e+19,13532767226202687488,1
6.894500110228243e+18,4.453068473741222e+18,1.5484688019640574e+19,9.197396520324871e+18,7.708051643931653e+17,4320723658245943296,1
6.894500110228243e+18,4.453068473741222e+18,1.5484688019640574e+19,9.197396520324871e+18,7.708051643931653e+17,4320723658245943296,1
6.894500110228243e+18,4.453068473741222e+18,1.5484688019640574e+19,9.197396520324871e+18,7.708051643931653e+17,4320723658245943296,1
6.894500110228243e+18,8.623804074354514e+18,1.5484688019640574e+19,9.197396520324871e+18,7.708051643931653e+17,13532767226202687488,1
4.847446773019625e+18,9.524580141393482e+18,1.5484688019640574e+19,9.197396520324871e+18,1.185040210745942e+18,13532767226202687488,1
4.422107264119351e+18,3.5919407474125486e+18,1.5484688019640574e+19,9.197396520324871e+18,1.180474217364753e+19,4320723658245943296,1
4.422107264119351e+18,3.5919407474125486e+18,1.5484688019640574e+19,9.197396520324871e+18,1.180474217364753e+19,4320723658245943296,1
4.422107264119351e+18,3.5919407474125486e+18,1.5484688019640574e+19,9.197396520324871e+18,1.180474217364753e+19,4320723658245943296,1
4.422107264119351e+18,3.5919407474125486e+18,1.5484688019640574e+19,9.197396520324871e+18,1.180474217364753e+19,4320723658245943296,1
4.422107264119351e+18,3.5919407474125486e+18,1.5484688019640574e+19,9.197396520324871e+18,1.180474217364753e+19,4320723658245943296,1
4.422107264119351e+18,3.5919407474125486e+18,1.5484688019640574e+19,9.197396520324871e+18,1.180474217364753e+19,4320723658245943296,1
1.2313904705378066e+19,7.397697892821142e+18,1.5484688019640574e+19,9.197396520324871e+18,1.180474217364753e+19,4320723658245943296,1
1.7004773942686763e+19,7.397697892821142e+18,1.5484688019640574e+19,9.197396520324871e+18,1.180474217364753e+19,4320723658245943296,1
1.7004773942686763e+19,7.397697892821142e+18,1.5484688019640574e+19,9.197396520324871e+18,1.180474217364753e+19,4320723658245943296,1
1.7004773942686763e+19,7.397697892821142e+18,1.5484688019640574e+19,9.197396520324871e+18,1.180474217364753e+19,4320723658245943296,1
1.7004773942686763e+19,7.397697892821142e+18,1.5484688019640574e+19,9.197396520324871e+18,1.180474217364753e+19,4320723658245943296,1
1.7004773942686763e+19,7.397697892821142e+18,1.5484688019640574e+19,9.197396520324871e+18,1.180474217364753e+19,4320723658245943296,1
4.4126583135678336e+18,1.4252200514331027e+19,1.5484688019640574e+19,9.197396520324871e+18,1.180474217364753e+19,13532767226202687488,1
4.4126583135678336e+18,1.4252200514331027e+19,1.5484688019640574e+19,9.197396520324871e+18,1.180474217364753e+19,13532767226202687488,1
6.894500110228243e+18,4.453068473741222e+18,1.5484688019640574e+19,9.197396520324871e+18,7.708051643931653e+17,4320723658245943296,1
6.894500110228243e+18,8.623804074354514e+18,1.5484688019640574e+19,9.197396520324871e+18,7.708051643931653e+17,13532767226202687488,1
7.036973661933814e+18,8.623804074354514e+18,1.5484688019640574e+19,9.197396520324871e+18,1.0087421062128142e+19,13532767226202687488,1
4.847446773019625e+18,8.623804074354514e+18,1.5484688019640574e+19,9.197396520324871e+18,1.185040210745942e+18,13532767226202687488,1
4.847446773019625e+18,8.623804074354514e+18,1.5484688019640574e+19,9.197396520324871e+18,1.185040210745942e+18,13532767226202687488,1
4.847446773019625e+18,8.623804074354514e+18,1.5484688019640574e+19,9.197396520324871e+18,1.185040210745942e+18,13532767226202687488,1
4.422107264119351e+18,3.5919407474125486e+18,1.5484688019640574e+19,9.197396520324871e+18,1.180474217364753e+19,4320723658245943296,1
4.422107264119351e+18,3.5919407474125486e+18,1.5484688019640574e+19,9.197396520324871e+18,1.180474217364753e+19,4320723658245943296,1
4.422107264119351e+18,3.5919407474125486e+18,1.5484688019640574e+19,9.197396520324871e+18,1.180474217364753e+19,4320723658245943296,1
1.3662277598089075e+19,9.524580141393482e+18,1.5484688019640574e+19,9.197396520324871e+18,0.0,13532767226202687488,1
3.1934721377068744e+18,4.453068473741222e+18,1.5484688019640574e+19,9.197396520324871e+18,1.185040210745942e+18,4320723658245943296,1
3.1934721377068744e+18,4.453068473741222e+18,1.5484688019640574e+19,9.197396520324871e+18,1.185040210745942e+18,4320723658245943296,1
4.422107264119351e+18,3.5919407474125486e+18,1.1169802048114184e+18,9.197396520324871e+18,1.180474217364753e+19,841705572777790592,1
4.422107264119351e+18,3.5919407474125486e+18,1.1169802048114184e+18,9.197396520324871e+18,1.180474217364753e+19,841705572777790592,1
4.422107264119351e+18,3.5919407474125486e+18,1.1169802048114184e+18,9.197396520324871e+18,1.180474217364753e+19,841705572777790592,1
4.422107264119351e+18,3.5919407474125486e+18,1.1169802048114184e+18,9.197396520324871e+18,1.180474217364753e+19,841705572777790592,1
4.422107264119351e+18,3.5919407474125486e+18,1.1169802048114184e+18,9.197396520324871e+18,1.180474217364753e+19,841705572777790592,1
4.422107264119351e+18,3.5919407474125486e+18,1.1169802048114184e+18,9.197396520324871e+18,1.180474217364753e+19,841705572777790592,1
4.422107264119351e+18,3.5919407474125486e+18,1.1169802048114184e+18,9.197396520324871e+18,1.180474217364753e+19,841705572777790592,1
4.422107264119351e+18,3.5919407474125486e+18,1.1169802048114184e+18,9.197396520324871e+18,1.180474217364753e+19,841705572777790592,1
4.422107264119351e+18,3.5919407474125486e+18,1.1169802048114184e+18,9.197396520324871e+18,1.180474217364753e+19,841705572777790592,1
4.847446773019625e+18,8.623804074354514e+18,1.1169802048114184e+18,9.197396520324871e+18,1.185040210745942e+18,12544075227703922688,1
7.036973661933814e+18,8.623804074354514e+18,1.1169802048114184e+18,9.197396520324871e+18,1.0087421062128142e+19,12544075227703922688,1
6.894500110228243e+18,8.132360077388166e+17,1.1169802048114184e+18,9.197396520324871e+18,7.708051643931653e+17,12544075227703922688,1
4.847446773019625e+18,8.132360077388166e+17,1.1169802048114184e+18,9.197396520324871e+18,1.185040210745942e+18,12544075227703922688,1
1.9387955113610217e+18,3.974028441303413e+18,1.1169802048114184e+18,9.197396520324871e+18,1.4465995404274522e+19,12544075227703922688,1
4.847446773019625e+18,3.974028441303413e+18,1.1169802048114184e+18,9.197396520324871e+18,1.185040210745942e+18,12544075227703922688,1
4.847446773019625e+18,3.974028441303413e+18,1.1169802048114184e+18,9.197396520324871e+18,1.185040210745942e+18,12544075227703922688,1
4.847446773019625e+18,3.974028441303413e+18,1.1169802048114184e+18,9.197396520324871e+18,1.185040210745942e+18,12544075227703922688,1
1.162600097680835e+19,3.974028441303413e+18,1.1169802048114184e+18,9.197396520324871e+18,7.708051643931653e+17,12544075227703922688,1
1.162600097680835e+19,3.974028441303413e+18,1.1169802048114184e+18,9.197396520324871e+18,7.708051643931653e+17,12544075227703922688,1
1.9387955113610217e+18,3.974028441303413e+18,1.1169802048114184e+18,9.197396520324871e+18,1.4465995404274522e+19,12544075227703922688,1
4.847446773019625e+18,3.974028441303413e+18,1.1169802048114184e+18,9.197396520324871e+18,1.185040210745942e+18,12544075227703922688,1
6.894500110228243e+18,4.453068473741222e+18,1.1169802048114184e+18,9.197396520324871e+18,7.708051643931653e+17,841705572777790592,1
6.894500110228243e+18,4.453068473741222e+18,1.1169802048114184e+18,9.197396520324871e+18,7.708051643931653e+17,841705572777790592,1
6.894500110228243e+18,4.453068473741222e+18,1.1169802048114184e+18,9.197396520324871e+18,7.708051643931653e+17,841705572777790592,1
6.894500110228243e+18,4.453068473741222e+18,1.1169802048114184e+18,9.197396520324871e+18,7.708051643931653e+17,841705572777790592,1
3.1934721377068744e+18,4.453068473741222e+18,1.1169802048114184e+18,9.197396520324871e+18,1.185040210745942e+18,841705572777790592,1
3.1934721377068744e+18,4.453068473741222e+18,1.1169802048114184e+18,9.197396520324871e+18,1.185040210745942e+18,841705572777790592,1
3.1934721377068744e+18,4.453068473741222e+18,1.1169802048114184e+18,9.197396520324871e+18,1.185040210745942e+18,841705572777790592,1
1.9387955113610217e+18,4.453068473741222e+18,1.1169802048114184e+18,9.197396520324871e+18,1.4465995404274522e+19,841705572777790592,1
1.9387955113610217e+18,4.453068473741222e+18,1.1169802048114184e+18,9.197396520324871e+18,1.4465995404274522e+19,841705572777790592,1
1.9387955113610217e+18,4.453068473741222e+18,1.1169802048114184e+18,9.197396520324871e+18,1.4465995404274522e+19,841705572777790592,1
1.9387955113610217e+18,4.453068473741222e+18,1.1169802048114184e+18,9.197396520324871e+18,1.4465995404274522e+19,841705572777790592,1
3.1934721377068744e+18,4.453068473741222e+18,1.1169802048114184e+18,9.197396520324871e+18,1.185040210745942e+18,841705572777790592,1
3.1934721377068744e+18,4.453068473741222e+18,1.1169802048114184e+18,9.197396520324871e+18,1.185040210745942e+18,841705572777790592,1
3.1934721377068744e+18,4.453068473741222e+18,1.1169802048114184e+18,9.197396520324871e+18,1.185040210745942e+18,841705572777790592,1
3.1934721377068744e+18,4.453068473741222e+18,1.1169802048114184e+18,9.197396520324871e+18,1.185040210745942e+18,841705572777790592,1
3.1934721377068744e+18,4.453068473741222e+18,1.1169802048114184e+18,9.197396520324871e+18,1.185040210745942e+18,841705572777790592,1
4.847446773019625e+18,9.524580141393482e+18,1.1169802048114184e+18,9.197396520324871e+18,1.185040210745942e+18,12544075227703922688,1
1.8071709530452963e+19,9.524580141393482e+18,1.1169802048114184e+18,9.197396520324871e+18,7.432239658841088e+17,12544075227703922688,1
6.894500110228243e+18,1.4252200514331027e+19,5.306271578927864e+18,9.197396520324871e+18,7.708051643931653e+17,12544075227703922688,1
6.894500110228243e+18,1.4252200514331027e+19,5.306271578927864e+18,9.197396520324871e+18,7.708051643931653e+17,12544075227703922688,1
6.894500110228243e+18,1.4252200514331027e+19,5.306271578927864e+18,9.197396520324871e+18,7.708051643931653e+17,12544075227703922688,1
1.162600097680835e+19,1.4252200514331027e+19,5.306271578927864e+18,9.197396520324871e+18,7.708051643931653e+17,12544075227703922688,1
1.162600097680835e+19,1.4252200514331027e+19,5.306271578927864e+18,9.197396520324871e+18,7.708051643931653e+17,12544075227703922688,1
1.162600097680835e+19,1.4252200514331027e+19,5.306271578927864e+18,9.197396520324871e+18,7.708051643931653e+17,12544075227703922688,1
1.162600097680835e+19,1.4252200514331027e+19,5.306271578927864e+18,9.197396520324871e+18,7.708051643931653e+17,12544075227703922688,1
1.162600097680835e+19,1.4252200514331027e+19,5.306271578927864e+18,9.197396520324871e+18,7.708051643931653e+17,12544075227703922688,1
1.162600097680835e+19,1.4252200514331027e+19,5.306271578927864e+18,9.197396520324871e+18,7.708051643931653e+17,12544075227703922688,1
1.162600097680835e+19,1.4252200514331027e+19,5.306271578927864e+18,9.197396520324871e+18,7.708051643931653e+17,12544075227703922688,1
1.162600097680835e+19,1.4252200514331027e+19,5.306271578927864e+18,9.197396520324871e+18,7.708051643931653e+17,12544075227703922688,1
1.162600097680835e+19,1.4252200514331027e+19,5.306271578927864e+18,9.197396520324871e+18,7.708051643931653e+17,12544075227703922688,1
1.162600097680835e+19,1.4252200514331027e+19,5.306271578927864e+18,9.197396520324871e+18,7.708051643931653e+17,12544075227703922688,1
1.162600097680835e+19,1.4252200514331027e+19,5.306271578927864e+18,9.197396520324871e+18,7.708051643931653e+17,12544075227703922688,1
6.894500110228243e+18,8.132360077388166e+17,5.306271578927864e+18,9.197396520324871e+18,7.708051643931653e+17,12544075227703922688,1
7.036973661933814e+18,4.453068473741222e+18,5.306271578927864e+18,9.197396520324871e+18,1.0087421062128142e+19,841705572777790592,1
7.036973661933814e+18,4.453068473741222e+18,5.306271578927864e+18,9.197396520324871e+18,1.0087421062128142e+19,841705572777790592,1
7.036973661933814e+18,4.453068473741222e+18,5.306271578927864e+18,9.197396520324871e+18,1.0087421062128142e+19,841705572777790592,1
4.847446773019625e+18,9.524580141393482e+18,5.306271578927864e+18,9.197396520324871e+18,1.185040210745942e+18,12544075227703922688,1
4.847446773019625e+18,9.524580141393482e+18,5.306271578927864e+18,9.197396520324871e+18,1.185040210745942e+18,12544075227703922688,1
4.847446773019625e+18,1.4252200514331027e+19,5.306271578927864e+18,9.197396520324871e+18,1.185040210745942e+18,12544075227703922688,1
4.847446773019625e+18,8.623804074354514e+18,5.306271578927864e+18,9.197396520324871e+18,1.185040210745942e+18,12544075227703922688,1
4.847446773019625e+18,8.623804074354514e+18,5.306271578927864e+18,9.197396520324871e+18,1.185040210745942e+18,12544075227703922688,1
4.847446773019625e+18,4.453068473741222e+18,5.306271578927864e+18,9.197396520324871e+18,1.185040210745942e+18,841705572777790592,1
4.847446773019625e+18,4.453068473741222e+18,5.306271578927864e+18,9.197396520324871e+18,1.185040210745942e+18,841705572777790592,1
4.847446773019625e+18,4.453068473741222e+18,5.306271578927864e+18,9.197396520324871e+18,1.185040210745942e+18,841705572777790592,1
4.847446773019625e+18,4.453068473741222e+18,5.306271578927864e+18,9.197396520324871e+18,1.185040210745942e+18,841705572777790592,1
4.847446773019625e+18,4.453068473741222e+18,5.306271578927864e+18,9.197396520324871e+18,1.185040210745942e+18,841705572777790592,1
4.847446773019625e+18,4.453068473741222e+18,5.306271578927864e+18,9.197396520324871e+18,1.185040210745942e+18,841705572777790592,1
4.847446773019625e+18,8.132360077388166e+17,5.306271578927864e+18,9.197396520324871e+18,1.185040210745942e+18,12544075227703922688,1
4.847446773019625e+18,9.524580141393482e+18,5.306271578927864e+18,9.197396520324871e+18,1.185040210745942e+18,12544075227703922688,1
4.847446773019625e+18,9.524580141393482e+18,5.306271578927864e+18,9.197396520324871e+18,1.185040210745942e+18,12544075227703922688,1
3.1934721377068744e+18,8.132360077388166e+17,5.306271578927864e+18,9.197396520324871e+18,1.185040210745942e+18,12544075227703922688,1
3.1934721377068744e+18,8.623804074354514e+18,5.306271578927864e+18,9.197396520324871e+18,1.185040210745942e+18,12544075227703922688,1
3.1934721377068744e+18,8.623804074354514e+18,5.306271578927864e+18,9.197396520324871e+18,1.185040210745942e+18,12544075227703922688,1
3.1934721377068744e+18,8.623804074354514e+18,5.306271578927864e+18,9.197396520324871e+18,1.185040210745942e+18,12544075227703922688,1
3.1934721377068744e+18,8.623804074354514e+18,5.306271578927864e+18,9.197396520324871e+18,1.185040210745942e+18,12544075227703922688,1
3.1934721377068744e+18,8.623804074354514e+18,5.306271578927864e+18,9.197396520324871e+18,1.185040210745942e+18,12544075227703922688,1
3.1934721377068744e+18,8.623804074354514e+18,5.306271578927864e+18,9.197396520324871e+18,1.185040210745942e+18,12544075227703922688,1
3.1934721377068744e+18,1.4252200514331027e+19,5.306271578927864e+18,9.197396520324871e+18,1.185040210745942e+18,12544075227703922688,1
3.1934721377068744e+18,1.4252200514331027e+19,5.306271578927864e+18,9.197396520324871e+18,1.185040210745942e+18,12544075227703922688,1
3.1934721377068744e+18,1.4252200514331027e+19,5.306271578927864e+18,9.197396520324871e+18,1.185040210745942e+18,12544075227703922688,1
3.1934721377068744e+18,1.4252200514331027e+19,5.306271578927864e+18,9.197396520324871e+18,1.185040210745942e+18,12544075227703922688,1
3.1934721377068744e+18,3.5919407474125486e+18,5.306271578927864e+18,9.197396520324871e+18,1.185040210745942e+18,841705572777790592,1
3.1934721377068744e+18,3.5919407474125486e+18,5.306271578927864e+18,9.197396520324871e+18,1.185040210745942e+18,841705572777790592,1
